Workbook
Name ASSIGNMENTS.csv: ASSIGNMENTS!$A$1:$E$6
Name MEMBERS.csv: MEMBERS!$A$1:$C$6

Sheet MEMBERS
A1: MemberID | B1: FullName | C1: Role
A2: B2504896 | B2: Trần Thị Minh Thảo | C2: Nhóm trưởng, Thành viên 1 - Quản trị Cơ sở dữ liệu SQLite
A3: B2504904 | B3: Nguyễn Ngọc Tường Vy | C3: Thành viên 2 - Phân tích dữ liệu và Báo cáo Excel
A4: B2504876 | B4: Trần Thị Ngọc Huyền | C4: Thành viên 3 - Quản lý Hạ tầng mạng và GitHub
A5: B2509891 | B5: Đặng Bích Phương | C5: Thành viên 4 - Thiết lập Bảo mật và Công thái học
A6: B2504908 | B6: Tiêu Bùi Như Ý | C6: Thành viên 5 - Tổng hợp Báo cáo và Video Demo

Sheet ASSIGNMENTS
A1: TaskID | B1: TaskName | C1: AssigneeID | D1: Status | E1: Deadline | F1: Member Name
A2: 6 | B2: Thiết kế và quản trị Database SQLite cho dự án | C2: B2504896 | D2: Completed | E2: 46101 | F2: =VLOOKUP(C2, MEMBERS!A:B, 2, FALSE) -> Trần Thị Minh Thảo
A3: 7 | B3: Sử dụng hàm Excel để phân tích và xử lý dữ liệu | C3: B2504904 | D3: In progress | E3: 46106 | F3: =VLOOKUP(C3, MEMBERS!A:B, 2, FALSE) -> Nguyễn Ngọc Tường Vy
A4: 8 | B4: Vẽ sơ đồ hạ tầng mạng và quản lý mã nguồn GitHub | C4: B2504876 | D4: Pending | E4: 46106 | F4: =VLOOKUP(C4, MEMBERS!A:B, 2, FALSE) -> Trần Thị Ngọc Huyền
A5: 9 | B5: Thiết lập chính sách bảo mật và hướng dẫn công thái học | C5: B2509891 | D5: Pending | E5: 46108 | F5: =VLOOKUP(C5, MEMBERS!A:B, 2, FALSE) -> Đặng Bích Phương
A6: 10 | B6: Biên tập nội dung báo cáo Word 30 trang và dựng Video | C6: B2504908 | D6: Pending | E6: 46111 | F6: =VLOOKUP(C6, MEMBERS!A:B, 2, FALSE) -> Tiêu Bùi Như Ý

Sheet PROJECTS
A1: ProjectID | B1: ProjectName | C1: StartDate | D1: Difficulty
A2: PRJ_IT_01 | B2: Introduction to IT Project | C2: 18/03/2026 | D2: Easy
A3: PRJ_LAB_02 | B3: Operating Systems & Bash Script | C3: 20/03/2026 | D3: Hard
A4: PRJ_SOFT_03 | B4: Office Productivity (Excel/Word) | C4: 20/03/2026 | D4: Hard
A5: PRJ_SEC_04 | B5: Digital Security & Infrastructure | C5: 20/03/2026 | D5: Normal
A6: PRJ_RPT_05 | B6: Technical Reporting & Video Production | C6: 28/03/2026 | D6: Normal

Sheet SUBTASKS
A1: SubtaskID | B1: MainTaskID | C1: SubtaskName | D1: TimeSpent | E1: IsCompleted | F1: Member Name | G1: ProjectName
A2: PRJ_IT_01 | B2: 6 | C2: Design 4-tier Database Schema | D2: 2 hours | E2: 1 | F2: =VLOOKUP(B2, ASSIGNMENTS!A:F, 6, FALSE) -> Trần Thị Minh Thảo | G2: =VLOOKUP(A2, PROJECTS!A:B, 2, FALSE) -> Introduction to IT Project
A3: PRJ_IT_01 | B3: 6 | C3: Write CREATE TABLE scripts | D3: 1 hour | E3: 1 | F3: =VLOOKUP(B3, ASSIGNMENTS!A:F, 6, FALSE) -> Trần Thị Minh Thảo | G3: =VLOOKUP(A3, PROJECTS!A:B, 2, FALSE) -> Introduction to IT Project
A4: PRJ_IT_01 | B4: 6 | C4: Execute SQL IN & JOIN queries | D4: 30 mins | E4: 1 | F4: =VLOOKUP(B4, ASSIGNMENTS!A:F, 6, FALSE) -> Trần Thị Minh Thảo | G4: =VLOOKUP(A4, PROJECTS!A:B, 2, FALSE) -> Introduction to IT Project
A5: PRJ_SOFT_03 | B5: 7 | C5: Populate tables with dummy data | D5: 1 hour | E5: 1 | F5: =VLOOKUP(B5, ASSIGNMENTS!A:F, 6, FALSE) -> Nguyễn Ngọc Tường Vy | G5: =VLOOKUP(A5, PROJECTS!A:B, 2, FALSE) -> Office Productivity (Excel/Word)
A6: PRJ_SOFT_03 | B6: 7 | C6: Create Excel Pivot Tables & Charts | D6: 2 hours | E6: 1 | F6: =VLOOKUP(B6, ASSIGNMENTS!A:F, 6, FALSE) -> Nguyễn Ngọc Tường Vy | G6: =VLOOKUP(A6, PROJECTS!A:B, 2, FALSE) -> Office Productivity (Excel/Word)
A7: PRJ_LAB_02 | B7: 8 | C7: Install Ubuntu on VirtualBox | D7: 2 hours | E7: 1 | F7: =VLOOKUP(B7, ASSIGNMENTS!A:F, 6, FALSE) -> Trần Thị Ngọc Huyền | G7: =VLOOKUP(A7, PROJECTS!A:B, 2, FALSE) -> Operating Systems & Bash Script
A8: PRJ_LAB_02 | B8: 8 | C8: Configure Network Connectivity | D8: 1 hour | E8: 0 | F8: =VLOOKUP(B8, ASSIGNMENTS!A:F, 6, FALSE) -> Trần Thị Ngọc Huyền | G8: =VLOOKUP(A8, PROJECTS!A:B, 2, FALSE) -> Operating Systems & Bash Script
A9: PRJ_SEC_04 | B9: 9 | C9: Set up User Authentication protocols | D9: 2 hours | E9: 1 | F9: =VLOOKUP(B9, ASSIGNMENTS!A:F, 6, FALSE) -> Đặng Bích Phương | G9: =VLOOKUP(A9, PROJECTS!A:B, 2, FALSE) -> Digital Security & Infrastructure
A10: PRJ_SEC_04 | B10: 9 | C10: Test System Security against SQL Injection | D10: 1.5 hours | E10: 0 | F10: =VLOOKUP(B10, ASSIGNMENTS!A:F, 6, FALSE) -> Đặng Bích Phương | G10: =VLOOKUP(A10, PROJECTS!A:B, 2, FALSE) -> Digital Security & Infrastructure
A11: PRJ_RPT_05 | B11: 10 | C11: Compile individual report sections | D11: 3 hours | E11: 1 | F11: =VLOOKUP(B11, ASSIGNMENTS!A:F, 6, FALSE) -> Tiêu Bùi Như Ý | G11: =VLOOKUP(A11, PROJECTS!A:B, 2, FALSE) -> Technical Reporting & Video Production
A12: PRJ_RPT_05 | B12: 10 | C12: Format Word document using IEEE standards | D12: 2 hours | E12: 1 | F12: =VLOOKUP(B12, ASSIGNMENTS!A:F, 6, FALSE) -> Tiêu Bùi Như Ý | G12: =VLOOKUP(A12, PROJECTS!A:B, 2, FALSE) -> Technical Reporting & Video Production
